id,title,score,num_comments,author,created_utc,url,over_18,edited,spoiler,stickied
17iad6c,Stop applying for Intern Roles,26,22,Tommy3Tanks,2023-10-28 09:49:01,https://www.reddit.com/r/dataengineering/comments/17iad6c/stop_applying_for_intern_roles/,False,False,False,False
17i5u9d,Data engineering has so many definitions,27,9,noStarchPotato,2023-10-28 04:19:47,https://www.reddit.com/r/dataengineering/comments/17i5u9d/data_engineering_has_so_many_definitions/,False,False,False,False
17id58n,Can we talk about portfolio projects?,13,7,leogodin217,2023-10-28 12:52:35,https://www.reddit.com/r/dataengineering/comments/17id58n/can_we_talk_about_portfolio_projects/,False,False,False,False
17i85fz,Migrate out of snowflake,10,37,ShotGunAllGo,2023-10-28 07:00:34,https://www.reddit.com/r/dataengineering/comments/17i85fz/migrate_out_of_snowflake/,False,False,False,False
17iof3j,What is the best architecture for data merging/standardization of multiple EHR formats?,10,9,EmptyMargins,2023-10-28 22:08:16,https://www.reddit.com/r/dataengineering/comments/17iof3j/what_is_the_best_architecture_for_data/,False,False,False,False
17imtpm,Any ex-Software Engineers here who miss writing code?,7,12,Large-Translator-759,2023-10-28 20:52:39,https://www.reddit.com/r/dataengineering/comments/17imtpm/any_exsoftware_engineers_here_who_miss_writing/,False,False,False,False
17ihelf,Serverless Options v. Beam / Spark,4,7,ColoSean,2023-10-28 16:29:24,https://www.reddit.com/r/dataengineering/comments/17ihelf/serverless_options_v_beam_spark/,False,False,False,False
17ig6sd,Incorporating DE tasks into a BI Analyst role - Transition,5,1,xloadx,2023-10-28 15:30:38,https://www.reddit.com/r/dataengineering/comments/17ig6sd/incorporating_de_tasks_into_a_bi_analyst_role/,False,False,False,False
17idwkw,Point of Prefect/Airflow in Event-Driven ETL+ML Pipeline?,4,8,Ok_Strain4832,2023-10-28 13:33:45,https://www.reddit.com/r/dataengineering/comments/17idwkw/point_of_prefectairflow_in_eventdriven_etlml/,False,False,False,False
17ia6tl,Question: do you use data observability platforms?,2,3,AmphibianInfamous574,2023-10-28 09:35:54,https://www.reddit.com/r/dataengineering/comments/17ia6tl/question_do_you_use_data_observability_platforms/,False,False,False,False
17istl5,"One recommendation for whoever is applying for a DE role, especially if you want to take a technical path",1,3,levelworm,2023-10-29 02:01:30,https://www.reddit.com/r/dataengineering/comments/17istl5/one_recommendation_for_whoever_is_applying_for_a/,False,False,False,False
17ipv7s,language models for data cleaning,1,1,tantanchen,2023-10-28 23:20:37,https://www.reddit.com/r/dataengineering/comments/17ipv7s/language_models_for_data_cleaning/,False,False,False,False
17io0ue,Desperately Need Help Finding an ETL Tool for Complex Excel Data Workflows,1,3,volturnalia,2023-10-28 21:49:09,https://www.reddit.com/r/dataengineering/comments/17io0ue/desperately_need_help_finding_an_etl_tool_for/,False,False,False,False
17iggeg,Client data migration questions and/or discussion,1,3,iambatmanman,2023-10-28 15:43:40,https://www.reddit.com/r/dataengineering/comments/17iggeg/client_data_migration_questions_andor_discussion/,False,False,False,False
17iuius,DBT Books,0,3,No-Database2068,2023-10-29 03:40:55,https://www.reddit.com/r/dataengineering/comments/17iuius/dbt_books/,False,False,False,False
17ih2km,How to share data across distributed servers doing transformation in ETL,0,6,IamSerenity,2023-10-28 16:13:03,https://www.reddit.com/r/dataengineering/comments/17ih2km/how_to_share_data_across_distributed_servers/,False,False,False,False
17id4at,Prospective Career Change,0,1,mexicaprogrammer,2023-10-28 12:51:00,https://www.reddit.com/r/dataengineering/comments/17id4at/prospective_career_change/,False,False,False,False
17id054,Handling rows with errors in CSV files,0,2,Kindly-Screen-2557,2023-10-28 12:44:17,https://www.reddit.com/r/dataengineering/comments/17id054/handling_rows_with_errors_in_csv_files/,False,False,False,False
17i7niu,Hype of DE salary in India,0,7,No_Woodpecker_3267,2023-10-28 06:24:42,https://www.reddit.com/r/dataengineering/comments/17i7niu/hype_of_de_salary_in_india/,False,False,False,False
